set default_storage_engine='tokudb';
drop table if exists t;
set tokudb_disable_slow_update=1;
SET SESSION sql_mode=(SELECT REPLACE(@@sql_mode,'STRICT_TRANS_TABLES',''));
Warnings:
Warning	3135	'NO_ZERO_DATE', 'NO_ZERO_IN_DATE' and 'ERROR_FOR_DIVISION_BY_ZERO' sql modes should be used with strict mode. They will be merged with strict mode in a future release.
SET SESSION sql_mode=(SELECT REPLACE(@@sql_mode,'STRICT_ALL_TABLES',''));
Warnings:
Warning	3135	'NO_ZERO_DATE', 'NO_ZERO_IN_DATE' and 'ERROR_FOR_DIVISION_BY_ZERO' sql modes should be used with strict mode. They will be merged with strict mode in a future release.
create table tt (
id tinyint  primary key,
x tinyint  null
);
insert into tt values (1,4);
create table ti like tt;
alter table ti engine=innodb;
insert into ti select * from tt;
update noar tt set x=if(x=0,0,x-1) where id=1;
ERROR 42000: Table 'tt' uses an extension that doesn't exist in this XYZ version
drop table tt, ti;
create table tt (
id tinyint  primary key,
x tinyint  not null
);
insert into tt values (1,4);
create table ti like tt;
alter table ti engine=innodb;
insert into ti select * from tt;
update noar tt set x=if(x=0,0,x-1) where id=1;
ERROR 42000: Table 'tt' uses an extension that doesn't exist in this XYZ version
drop table tt, ti;
create table tt (
id tinyint unsigned primary key,
x tinyint unsigned null
);
insert into tt values (1,4);
create table ti like tt;
alter table ti engine=innodb;
insert into ti select * from tt;
update noar tt set x=if(x=0,0,x-1) where id=1;
update noar ti set x=if(x=0,0,x-1) where id=1;
update noar tt set x=if(x=0,0,x-1) where id=1;
update noar ti set x=if(x=0,0,x-1) where id=1;
update noar tt set x=if(x=0,0,x-1) where id=1;
update noar ti set x=if(x=0,0,x-1) where id=1;
update noar tt set x=if(x=0,0,x-1) where id=1;
update noar ti set x=if(x=0,0,x-1) where id=1;
update noar tt set x=if(x=0,0,x-1) where id=1;
update noar ti set x=if(x=0,0,x-1) where id=1;
include/diff_tables.inc [test.tt, test.ti]
drop table tt, ti;
create table tt (
id tinyint unsigned primary key,
x tinyint unsigned not null
);
insert into tt values (1,4);
create table ti like tt;
alter table ti engine=innodb;
insert into ti select * from tt;
update noar tt set x=if(x=0,0,x-1) where id=1;
update noar ti set x=if(x=0,0,x-1) where id=1;
update noar tt set x=if(x=0,0,x-1) where id=1;
update noar ti set x=if(x=0,0,x-1) where id=1;
update noar tt set x=if(x=0,0,x-1) where id=1;
update noar ti set x=if(x=0,0,x-1) where id=1;
update noar tt set x=if(x=0,0,x-1) where id=1;
update noar ti set x=if(x=0,0,x-1) where id=1;
update noar tt set x=if(x=0,0,x-1) where id=1;
update noar ti set x=if(x=0,0,x-1) where id=1;
include/diff_tables.inc [test.tt, test.ti]
drop table tt, ti;
create table tt (
id smallint  primary key,
x smallint  null
);
insert into tt values (1,4);
create table ti like tt;
alter table ti engine=innodb;
insert into ti select * from tt;
update noar tt set x=if(x=0,0,x-1) where id=1;
ERROR 42000: Table 'tt' uses an extension that doesn't exist in this XYZ version
drop table tt, ti;
create table tt (
id smallint  primary key,
x smallint  not null
);
insert into tt values (1,4);
create table ti like tt;
alter table ti engine=innodb;
insert into ti select * from tt;
update noar tt set x=if(x=0,0,x-1) where id=1;
ERROR 42000: Table 'tt' uses an extension that doesn't exist in this XYZ version
drop table tt, ti;
create table tt (
id smallint unsigned primary key,
x smallint unsigned null
);
insert into tt values (1,4);
create table ti like tt;
alter table ti engine=innodb;
insert into ti select * from tt;
update noar tt set x=if(x=0,0,x-1) where id=1;
update noar ti set x=if(x=0,0,x-1) where id=1;
update noar tt set x=if(x=0,0,x-1) where id=1;
update noar ti set x=if(x=0,0,x-1) where id=1;
update noar tt set x=if(x=0,0,x-1) where id=1;
update noar ti set x=if(x=0,0,x-1) where id=1;
update noar tt set x=if(x=0,0,x-1) where id=1;
update noar ti set x=if(x=0,0,x-1) where id=1;
update noar tt set x=if(x=0,0,x-1) where id=1;
update noar ti set x=if(x=0,0,x-1) where id=1;
include/diff_tables.inc [test.tt, test.ti]
drop table tt, ti;
create table tt (
id smallint unsigned primary key,
x smallint unsigned not null
);
insert into tt values (1,4);
create table ti like tt;
alter table ti engine=innodb;
insert into ti select * from tt;
update noar tt set x=if(x=0,0,x-1) where id=1;
update noar ti set x=if(x=0,0,x-1) where id=1;
update noar tt set x=if(x=0,0,x-1) where id=1;
update noar ti set x=if(x=0,0,x-1) where id=1;
update noar tt set x=if(x=0,0,x-1) where id=1;
update noar ti set x=if(x=0,0,x-1) where id=1;
update noar tt set x=if(x=0,0,x-1) where id=1;
update noar ti set x=if(x=0,0,x-1) where id=1;
update noar tt set x=if(x=0,0,x-1) where id=1;
update noar ti set x=if(x=0,0,x-1) where id=1;
include/diff_tables.inc [test.tt, test.ti]
drop table tt, ti;
create table tt (
id mediumint  primary key,
x mediumint  null
);
insert into tt values (1,4);
create table ti like tt;
alter table ti engine=innodb;
insert into ti select * from tt;
update noar tt set x=if(x=0,0,x-1) where id=1;
ERROR 42000: Table 'tt' uses an extension that doesn't exist in this XYZ version
drop table tt, ti;
create table tt (
id mediumint  primary key,
x mediumint  not null
);
insert into tt values (1,4);
create table ti like tt;
alter table ti engine=innodb;
insert into ti select * from tt;
update noar tt set x=if(x=0,0,x-1) where id=1;
ERROR 42000: Table 'tt' uses an extension that doesn't exist in this XYZ version
drop table tt, ti;
create table tt (
id mediumint unsigned primary key,
x mediumint unsigned null
);
insert into tt values (1,4);
create table ti like tt;
alter table ti engine=innodb;
insert into ti select * from tt;
update noar tt set x=if(x=0,0,x-1) where id=1;
update noar ti set x=if(x=0,0,x-1) where id=1;
update noar tt set x=if(x=0,0,x-1) where id=1;
update noar ti set x=if(x=0,0,x-1) where id=1;
update noar tt set x=if(x=0,0,x-1) where id=1;
update noar ti set x=if(x=0,0,x-1) where id=1;
update noar tt set x=if(x=0,0,x-1) where id=1;
update noar ti set x=if(x=0,0,x-1) where id=1;
update noar tt set x=if(x=0,0,x-1) where id=1;
update noar ti set x=if(x=0,0,x-1) where id=1;
include/diff_tables.inc [test.tt, test.ti]
drop table tt, ti;
create table tt (
id mediumint unsigned primary key,
x mediumint unsigned not null
);
insert into tt values (1,4);
create table ti like tt;
alter table ti engine=innodb;
insert into ti select * from tt;
update noar tt set x=if(x=0,0,x-1) where id=1;
update noar ti set x=if(x=0,0,x-1) where id=1;
update noar tt set x=if(x=0,0,x-1) where id=1;
update noar ti set x=if(x=0,0,x-1) where id=1;
update noar tt set x=if(x=0,0,x-1) where id=1;
update noar ti set x=if(x=0,0,x-1) where id=1;
update noar tt set x=if(x=0,0,x-1) where id=1;
update noar ti set x=if(x=0,0,x-1) where id=1;
update noar tt set x=if(x=0,0,x-1) where id=1;
update noar ti set x=if(x=0,0,x-1) where id=1;
include/diff_tables.inc [test.tt, test.ti]
drop table tt, ti;
create table tt (
id int  primary key,
x int  null
);
insert into tt values (1,4);
create table ti like tt;
alter table ti engine=innodb;
insert into ti select * from tt;
update noar tt set x=if(x=0,0,x-1) where id=1;
ERROR 42000: Table 'tt' uses an extension that doesn't exist in this XYZ version
drop table tt, ti;
create table tt (
id int  primary key,
x int  not null
);
insert into tt values (1,4);
create table ti like tt;
alter table ti engine=innodb;
insert into ti select * from tt;
update noar tt set x=if(x=0,0,x-1) where id=1;
ERROR 42000: Table 'tt' uses an extension that doesn't exist in this XYZ version
drop table tt, ti;
create table tt (
id int unsigned primary key,
x int unsigned null
);
insert into tt values (1,4);
create table ti like tt;
alter table ti engine=innodb;
insert into ti select * from tt;
update noar tt set x=if(x=0,0,x-1) where id=1;
update noar ti set x=if(x=0,0,x-1) where id=1;
update noar tt set x=if(x=0,0,x-1) where id=1;
update noar ti set x=if(x=0,0,x-1) where id=1;
update noar tt set x=if(x=0,0,x-1) where id=1;
update noar ti set x=if(x=0,0,x-1) where id=1;
update noar tt set x=if(x=0,0,x-1) where id=1;
update noar ti set x=if(x=0,0,x-1) where id=1;
update noar tt set x=if(x=0,0,x-1) where id=1;
update noar ti set x=if(x=0,0,x-1) where id=1;
include/diff_tables.inc [test.tt, test.ti]
drop table tt, ti;
create table tt (
id int unsigned primary key,
x int unsigned not null
);
insert into tt values (1,4);
create table ti like tt;
alter table ti engine=innodb;
insert into ti select * from tt;
update noar tt set x=if(x=0,0,x-1) where id=1;
update noar ti set x=if(x=0,0,x-1) where id=1;
update noar tt set x=if(x=0,0,x-1) where id=1;
update noar ti set x=if(x=0,0,x-1) where id=1;
update noar tt set x=if(x=0,0,x-1) where id=1;
update noar ti set x=if(x=0,0,x-1) where id=1;
update noar tt set x=if(x=0,0,x-1) where id=1;
update noar ti set x=if(x=0,0,x-1) where id=1;
update noar tt set x=if(x=0,0,x-1) where id=1;
update noar ti set x=if(x=0,0,x-1) where id=1;
include/diff_tables.inc [test.tt, test.ti]
drop table tt, ti;
create table tt (
id bigint  primary key,
x bigint  null
);
insert into tt values (1,4);
create table ti like tt;
alter table ti engine=innodb;
insert into ti select * from tt;
update noar tt set x=if(x=0,0,x-1) where id=1;
ERROR 42000: Table 'tt' uses an extension that doesn't exist in this XYZ version
drop table tt, ti;
create table tt (
id bigint  primary key,
x bigint  not null
);
insert into tt values (1,4);
create table ti like tt;
alter table ti engine=innodb;
insert into ti select * from tt;
update noar tt set x=if(x=0,0,x-1) where id=1;
ERROR 42000: Table 'tt' uses an extension that doesn't exist in this XYZ version
drop table tt, ti;
create table tt (
id bigint unsigned primary key,
x bigint unsigned null
);
insert into tt values (1,4);
create table ti like tt;
alter table ti engine=innodb;
insert into ti select * from tt;
update noar tt set x=if(x=0,0,x-1) where id=1;
update noar ti set x=if(x=0,0,x-1) where id=1;
update noar tt set x=if(x=0,0,x-1) where id=1;
update noar ti set x=if(x=0,0,x-1) where id=1;
update noar tt set x=if(x=0,0,x-1) where id=1;
update noar ti set x=if(x=0,0,x-1) where id=1;
update noar tt set x=if(x=0,0,x-1) where id=1;
update noar ti set x=if(x=0,0,x-1) where id=1;
update noar tt set x=if(x=0,0,x-1) where id=1;
update noar ti set x=if(x=0,0,x-1) where id=1;
include/diff_tables.inc [test.tt, test.ti]
drop table tt, ti;
create table tt (
id bigint unsigned primary key,
x bigint unsigned not null
);
insert into tt values (1,4);
create table ti like tt;
alter table ti engine=innodb;
insert into ti select * from tt;
update noar tt set x=if(x=0,0,x-1) where id=1;
update noar ti set x=if(x=0,0,x-1) where id=1;
update noar tt set x=if(x=0,0,x-1) where id=1;
update noar ti set x=if(x=0,0,x-1) where id=1;
update noar tt set x=if(x=0,0,x-1) where id=1;
update noar ti set x=if(x=0,0,x-1) where id=1;
update noar tt set x=if(x=0,0,x-1) where id=1;
update noar ti set x=if(x=0,0,x-1) where id=1;
update noar tt set x=if(x=0,0,x-1) where id=1;
update noar ti set x=if(x=0,0,x-1) where id=1;
include/diff_tables.inc [test.tt, test.ti]
drop table tt, ti;
