set default_storage_engine='tokudb';
drop table if exists t;
create table tt (id int primary key, x int unsigned);
insert into tt values (1,0),(2,pow(2,32)-1);
create table ti like tt;
alter table ti engine=innodb;
insert into ti select * from tt;
set tokudb_disable_slow_update=1;
SET SESSION sql_mode=(SELECT REPLACE(@@sql_mode,'STRICT_TRANS_TABLES',''));
Warnings:
Warning	3135	'NO_ZERO_DATE', 'NO_ZERO_IN_DATE' and 'ERROR_FOR_DIVISION_BY_ZERO' sql modes should be used with strict mode. They will be merged with strict mode in a future release.
SET SESSION sql_mode=(SELECT REPLACE(@@sql_mode,'STRICT_ALL_TABLES',''));
Warnings:
Warning	3135	'NO_ZERO_DATE', 'NO_ZERO_IN_DATE' and 'ERROR_FOR_DIVISION_BY_ZERO' sql modes should be used with strict mode. They will be merged with strict mode in a future release.
update noar tt set x=x+1 where id=1;
update noar ti set x=x+1 where id=1;
include/diff_tables.inc [test.tt, test.ti]
update noar tt set x=x-2 where id=1;
update noar ti set x=if(x<2,0,x-2) where id=1;
include/diff_tables.inc [test.tt, test.ti]
update noar tt set x=x+1 where id=1;
update noar ti set x=x+1 where id=1;
include/diff_tables.inc [test.tt, test.ti]
update noar tt set x=x-1 where id=2;
update noar ti set x=x-1 where id=2;
include/diff_tables.inc [test.tt, test.ti]
update noar tt set x=x+1 where id=2;
update noar ti set x=x+1 where id=2;
include/diff_tables.inc [test.tt, test.ti]
insert into tt values (4,pow(2,32)-10);
insert into ti values (4,pow(2,32)-10);
update noar tt set x=x+20 where id=4;
update noar ti set x=x+20 where id=4;
Warnings:
Warning	1264	Out of range value for column 'x' at row 1
include/diff_tables.inc [test.tt, test.ti]
insert into tt values (5,10);
insert into ti values (5,10);
update noar tt set x=x-20 where id=5;
update noar ti set x=if(x<20,0,x-20) where id=5;
include/diff_tables.inc [test.tt, test.ti]
drop table tt, ti;
