drop table if exists t;
set default_storage_engine='tokudb';
SET SESSION sql_mode=(SELECT REPLACE(@@sql_mode,'STRICT_TRANS_TABLES',''));
Warnings:
Warning	3135	'NO_ZERO_DATE', 'NO_ZERO_IN_DATE' and 'ERROR_FOR_DIVISION_BY_ZERO' sql modes should be used with strict mode. They will be merged with strict mode in a future release.
SET SESSION sql_mode=(SELECT REPLACE(@@sql_mode,'STRICT_ALL_TABLES',''));
Warnings:
Warning	3135	'NO_ZERO_DATE', 'NO_ZERO_IN_DATE' and 'ERROR_FOR_DIVISION_BY_ZERO' sql modes should be used with strict mode. They will be merged with strict mode in a future release.
create table t (id bigint primary key, b bigint not null default 0);
insert into t (id) values (1),(2);
begin;
update noar t set b=b+1 where id=1;
begin;
update noar t set b=b-1 where id=2;
update noar t set b=b+1 where id=2;
update noar t set b=b-1 where id=1;
Got one of the listed errors
rollback;
commit;
select * from t;
id	b
1	1
2	1
drop table t;
