set default_storage_engine='tokudb';
drop table if exists t;
set tokudb_disable_slow_update=1;
SET SESSION sql_mode=(SELECT REPLACE(@@sql_mode,'STRICT_TRANS_TABLES',''));
Warnings:
Warning	3135	'NO_ZERO_DATE', 'NO_ZERO_IN_DATE' and 'ERROR_FOR_DIVISION_BY_ZERO' sql modes should be used with strict mode. They will be merged with strict mode in a future release.
SET SESSION sql_mode=(SELECT REPLACE(@@sql_mode,'STRICT_ALL_TABLES',''));
Warnings:
Warning	3135	'NO_ZERO_DATE', 'NO_ZERO_IN_DATE' and 'ERROR_FOR_DIVISION_BY_ZERO' sql modes should be used with strict mode. They will be merged with strict mode in a future release.
create table t (id int primary key, x int not null);
insert into t values (1,0);
update noar t set x=42 where id=1;
update noar t set x=x+1 where id=1;
update noar t set x=x-1 where id=1;
set session sql_mode="ONLY_FULL_GROUP_BY,NO_ZERO_IN_DATE,NO_ZERO_DATE,ERROR_FOR_DIVISION_BY_ZERO,NO_AUTO_CREATE_USER,NO_ENGINE_SUBSTITUTION,traditional";
update noar t set x=42 where id=1;
ERROR 42000: Table 't' uses an extension that doesn't exist in this XYZ version
update noar t set x=x+1 where id=1;
ERROR 42000: Table 't' uses an extension that doesn't exist in this XYZ version
update noar t set x=x-1 where id=1;
ERROR 42000: Table 't' uses an extension that doesn't exist in this XYZ version
drop table t;
